vector,word,Pos,wordCount,doc,percent_of_total
156,app,NOUN,1,156,0.1111111111111111
156,convenient,ADJ,1,156,0.1111111111111111
156,easy,ADJ,1,156,0.1111111111111111
156,habit,NOUN,1,156,0.1111111111111111
156,interface,NOUN,1,156,0.1111111111111111
156,mood,NOUN,1,156,0.1111111111111111
156,reminder,NOUN,1,156,0.1111111111111111
156,tracking,NOUN,1,156,0.1111111111111111
156,wearable,ADJ,1,156,0.1111111111111111
