vector,word,Pos,wordCount,doc,percent_of_total
106,audio,ADJ,1,106,0.3333333333333333
106,flashcard,NOUN,1,106,0.3333333333333333
106,question,NOUN,1,106,0.3333333333333333
