vector,word,Pos,wordCount,percent_of_total
150,interface,NOUN,1,0.14285714285714285
150,microtask,NOUN,1,0.14285714285714285
150,piece,NOUN,1,0.14285714285714285
150,planner,NOUN,1,0.14285714285714285
150,tangible,ADJ,1,0.14285714285714285
150,task,NOUN,1,0.14285714285714285
150,user,NOUN,1,0.14285714285714285
