vector,word,Pos,wordCount,doc,percent_of_total
161,bottle,NOUN,1,161,0.14285714285714285
161,certain,ADJ,1,161,0.14285714285714285
161,day,NOUN,1,161,0.14285714285714285
161,point,NOUN,1,161,0.14285714285714285
161,user,NOUN,1,161,0.14285714285714285
161,water,NOUN,2,161,0.2857142857142857
