vector,word,Pos,wordCount,percent_of_total
53,much,ADJ,1,0.3333333333333333
53,pencil,NOUN,1,0.3333333333333333
53,track,NOUN,1,0.3333333333333333
