vector,word,Pos,wordCount,percent_of_total
29,machine,NOUN,1,0.16666666666666666
29,rain,NOUN,1,0.16666666666666666
29,sound,NOUN,2,0.3333333333333333
29,wave,NOUN,1,0.16666666666666666
29,wind,NOUN,1,0.16666666666666666
