vector,word,Pos,wordCount,percent_of_total
78,cushion,NOUN,1,0.3333333333333333
78,posture,NOUN,1,0.3333333333333333
78,proper,ADJ,1,0.3333333333333333
