vector,word,Pos,wordCount,doc,percent_of_total
174,heart,NOUN,1,174,0.09090909090909091
174,necklace,NOUN,1,174,0.09090909090909091
174,other,ADJ,1,174,0.09090909090909091
174,pendant,NOUN,2,174,0.18181818181818182
174,people,NOUN,1,174,0.09090909090909091
174,pulse,NOUN,1,174,0.09090909090909091
174,rate,NOUN,1,174,0.09090909090909091
174,sync,NOUN,1,174,0.09090909090909091
174,technology,NOUN,1,174,0.09090909090909091
174,wireless,ADJ,1,174,0.09090909090909091
