vector,word,Pos,wordCount,percent_of_total
200,buttonsmotion,NOUN,1,0.14285714285714285
200,dining,NOUN,1,0.14285714285714285
200,hall,NOUN,1,0.14285714285714285
200,many,ADJ,1,0.14285714285714285
200,sensor,NOUN,1,0.14285714285714285
200,table,NOUN,2,0.2857142857142857
