vector,word,Pos,wordCount,doc,percent_of_total
23,darklight,ADJ,1,23,0.3333333333333333
23,mode,NOUN,1,23,0.3333333333333333
23,whiteboard,NOUN,1,23,0.3333333333333333
