vector,word,Pos,wordCount,percent_of_total
160,bracelet,NOUN,1,0.1111111111111111
160,call,NOUN,1,0.1111111111111111
160,day,NOUN,1,0.1111111111111111
160,feeling,NOUN,1,0.1111111111111111
160,random,ADJ,1,0.1111111111111111
160,time,NOUN,1,0.1111111111111111
160,togetherness,NOUN,1,0.1111111111111111
160,user,NOUN,1,0.1111111111111111
160,videoaudio,ADJ,1,0.1111111111111111
