vector,word,Pos,wordCount,doc,percent_of_total
114,computer,NOUN,1,114,0.1111111111111111
114,day,NOUN,1,114,0.1111111111111111
114,everytime,NOUN,1,114,0.1111111111111111
114,experience,NOUN,1,114,0.1111111111111111
114,machine,NOUN,1,114,0.1111111111111111
114,massage,NOUN,2,114,0.2222222222222222
114,neckshoulder,NOUN,1,114,0.1111111111111111
114,user,NOUN,1,114,0.1111111111111111
