vector,word,Pos,wordCount,doc,percent_of_total
203,alert,NOUN,1,203,0.1111111111111111
203,belonging,NOUN,1,203,0.1111111111111111
203,bustrain,ADJ,1,203,0.1111111111111111
203,datum,NOUN,1,203,0.1111111111111111
203,min,NOUN,1,203,0.1111111111111111
203,route,NOUN,1,203,0.1111111111111111
203,stop,NOUN,1,203,0.1111111111111111
203,wearable,ADJ,1,203,0.1111111111111111
203,wearer,NOUN,1,203,0.1111111111111111
