vector,word,Pos,wordCount,percent_of_total
212,alone,ADJ,1,0.14285714285714285
212,focus,NOUN,1,0.14285714285714285
212,headphone,NOUN,1,0.14285714285714285
212,level,NOUN,1,0.14285714285714285
212,light,NOUN,1,0.14285714285714285
212,noise,NOUN,1,0.14285714285714285
212,red,NOUN,1,0.14285714285714285
