vector,word,Pos,wordCount,percent_of_total
9,call,NOUN,1,0.16666666666666666
9,earring,NOUN,1,0.16666666666666666
9,hard,ADJ,1,0.16666666666666666
9,headset,NOUN,1,0.16666666666666666
9,smart,ADJ,1,0.16666666666666666
9,unobtrusive,ADJ,1,0.16666666666666666
