vector,word,Pos,wordCount,percent_of_total
57,idea,NOUN,1,0.3333333333333333
57,speaker,NOUN,1,0.3333333333333333
57,user,NOUN,1,0.3333333333333333
