vector,word,Pos,wordCount,percent_of_total
30,display,NOUN,1,0.09090909090909091
30,interactive,ADJ,1,0.09090909090909091
30,location,NOUN,1,0.09090909090909091
30,public,ADJ,1,0.09090909090909091
30,review,NOUN,1,0.09090909090909091
30,space,NOUN,1,0.09090909090909091
30,tablet,NOUN,1,0.09090909090909091
30,unit,NOUN,1,0.09090909090909091
30,user,NOUN,1,0.09090909090909091
30,wallmounted,ADJ,1,0.09090909090909091
30,work,NOUN,1,0.09090909090909091
