vector,word,Pos,wordCount,doc,percent_of_total
16,connection,NOUN,1,16,0.09090909090909091
16,facilitation,NOUN,1,16,0.09090909090909091
16,people,NOUN,1,16,0.09090909090909091
16,picture,NOUN,1,16,0.09090909090909091
16,platform,NOUN,1,16,0.09090909090909091
16,public,ADJ,1,16,0.09090909090909091
16,review,NOUN,1,16,0.09090909090909091
16,space,NOUN,2,16,0.18181818181818182
16,work,NOUN,1,16,0.09090909090909091
16,worker,NOUN,1,16,0.09090909090909091
