vector,word,Pos,wordCount,percent_of_total
110,app,NOUN,1,0.16666666666666666
110,feature,NOUN,1,0.16666666666666666
110,machine,NOUN,1,0.16666666666666666
110,notification,NOUN,1,0.16666666666666666
110,people,NOUN,1,0.16666666666666666
110,phone,NOUN,1,0.16666666666666666
