vector,word,Pos,wordCount,doc,percent_of_total
17,able,ADJ,2,17,0.18181818181818182
17,accountabilitybuddy,NOUN,1,17,0.09090909090909091
17,common,ADJ,1,17,0.09090909090909091
17,goal,NOUN,1,17,0.09090909090909091
17,people,NOUN,1,17,0.09090909090909091
17,place,NOUN,1,17,0.09090909090909091
17,platform,NOUN,1,17,0.09090909090909091
17,preference,NOUN,1,17,0.09090909090909091
17,productivity,NOUN,1,17,0.09090909090909091
17,work,NOUN,1,17,0.09090909090909091
