vector,word,Pos,wordCount,doc,percent_of_total
50,headphone,NOUN,1,50,0.3333333333333333
50,level,NOUN,1,50,0.3333333333333333
50,sound,NOUN,1,50,0.3333333333333333
