vector,word,Pos,wordCount,doc,percent_of_total
125,access,NOUN,1,125,0.16666666666666666
125,desk,NOUN,1,125,0.16666666666666666
125,point,NOUN,1,125,0.16666666666666666
125,portable,ADJ,1,125,0.16666666666666666
125,router,NOUN,1,125,0.16666666666666666
125,wireless,ADJ,1,125,0.16666666666666666
