vector,word,Pos,wordCount,percent_of_total
102,background,NOUN,1,0.16666666666666666
102,call,NOUN,1,0.16666666666666666
102,noise,NOUN,1,0.16666666666666666
102,people,NOUN,1,0.16666666666666666
102,video,NOUN,1,0.16666666666666666
102,way,NOUN,1,0.16666666666666666
