vector,word,Pos,wordCount,doc,percent_of_total
150,interface,NOUN,1,150,0.14285714285714285
150,microtask,NOUN,1,150,0.14285714285714285
150,piece,NOUN,1,150,0.14285714285714285
150,planner,NOUN,1,150,0.14285714285714285
150,tangible,ADJ,1,150,0.14285714285714285
150,task,NOUN,1,150,0.14285714285714285
150,user,NOUN,1,150,0.14285714285714285
