vector,word,Pos,wordCount,percent_of_total
108,activist,NOUN,1,0.1111111111111111
108,device,NOUN,2,0.2222222222222222
108,fact,NOUN,1,0.1111111111111111
108,field,NOUN,1,0.1111111111111111
108,fun,NOUN,1,0.1111111111111111
108,specific,ADJ,1,0.1111111111111111
108,stoplike,NOUN,1,0.1111111111111111
108,thing,NOUN,1,0.1111111111111111
