vector,word,Pos,wordCount,doc,percent_of_total
26,design,NOUN,1,26,0.1111111111111111
26,lamp,NOUN,1,26,0.1111111111111111
26,light,NOUN,1,26,0.1111111111111111
26,meditation,NOUN,1,26,0.1111111111111111
26,natural,ADJ,1,26,0.1111111111111111
26,people,NOUN,1,26,0.1111111111111111
26,sleep,NOUN,1,26,0.1111111111111111
26,sound,NOUN,1,26,0.1111111111111111
26,therapy,NOUN,1,26,0.1111111111111111
