vector,word,Pos,wordCount,percent_of_total
28,ability,NOUN,1,0.058823529411764705
28,different,ADJ,1,0.058823529411764705
28,digital,ADJ,1,0.058823529411764705
28,metal,NOUN,1,0.058823529411764705
28,other,ADJ,1,0.058823529411764705
28,paper,NOUN,1,0.058823529411764705
28,pen,NOUN,2,0.11764705882352941
28,plastic,NOUN,1,0.058823529411764705
28,surface,NOUN,4,0.23529411764705882
28,type,NOUN,1,0.058823529411764705
28,user,NOUN,2,0.11764705882352941
28,wood,NOUN,1,0.058823529411764705
