vector,word,Pos,wordCount,doc,percent_of_total
14,break,NOUN,1,14,0.1111111111111111
14,drink,NOUN,1,14,0.1111111111111111
14,interface,NOUN,1,14,0.1111111111111111
14,practice,NOUN,1,14,0.1111111111111111
14,reminder,NOUN,1,14,0.1111111111111111
14,screen,NOUN,1,14,0.1111111111111111
14,such,ADJ,1,14,0.1111111111111111
14,walk,NOUN,1,14,0.1111111111111111
14,water,NOUN,1,14,0.1111111111111111
