vector,word,Pos,wordCount,percent_of_total
214,disruption,NOUN,1,0.14285714285714285
214,lap,NOUN,1,0.14285714285714285
214,pad,NOUN,1,0.14285714285714285
214,shakey,ADJ,1,0.14285714285714285
214,stabilizer,NOUN,1,0.14285714285714285
214,table,NOUN,1,0.14285714285714285
214,tray,NOUN,1,0.14285714285714285
