vector,word,Pos,wordCount,percent_of_total
59,hand,NOUN,1,0.3333333333333333
59,temperature,NOUN,1,0.3333333333333333
59,warm,NOUN,1,0.3333333333333333
