vector,word,Pos,wordCount,percent_of_total
170,arvr,NOUN,1,0.3333333333333333
170,nausea,NOUN,1,0.3333333333333333
170,workspace,NOUN,1,0.3333333333333333
