vector,word,Pos,wordCount,doc,percent_of_total
52,band,NOUN,1,52,0.3333333333333333
52,schedule,NOUN,1,52,0.3333333333333333
52,wrist,NOUN,1,52,0.3333333333333333
