vector,word,Pos,wordCount,doc,percent_of_total
21,awake,ADJ,1,21,0.16666666666666666
21,deadline,NOUN,1,21,0.16666666666666666
21,pen,NOUN,1,21,0.16666666666666666
21,pulse,NOUN,1,21,0.16666666666666666
21,reminder,NOUN,1,21,0.16666666666666666
21,sensory,ADJ,1,21,0.16666666666666666
