vector,word,Pos,wordCount,percent_of_total
213,bag,NOUN,1,0.14285714285714285
213,balance,NOUN,1,0.14285714285714285
213,hour,NOUN,1,0.14285714285714285
213,life,NOUN,1,0.14285714285714285
213,many,ADJ,1,0.14285714285714285
213,open,ADJ,1,0.14285714285714285
213,work,NOUN,1,0.14285714285714285
