vector,word,Pos,wordCount,doc,percent_of_total
53,much,ADJ,1,53,0.3333333333333333
53,pencil,NOUN,1,53,0.3333333333333333
53,track,NOUN,1,53,0.3333333333333333
