vector,word,Pos,wordCount,doc,percent_of_total
200,buttonsmotion,NOUN,1,200,0.14285714285714285
200,dining,NOUN,1,200,0.14285714285714285
200,hall,NOUN,1,200,0.14285714285714285
200,many,ADJ,1,200,0.14285714285714285
200,sensor,NOUN,1,200,0.14285714285714285
200,table,NOUN,2,200,0.2857142857142857
