vector,word,Pos,wordCount,percent_of_total
165,bus,NOUN,1,0.14285714285714285
165,capacity,NOUN,1,0.14285714285714285
165,interactive,ADJ,1,0.14285714285714285
165,occupant,NOUN,1,0.14285714285714285
165,real,ADJ,1,0.14285714285714285
165,screen,NOUN,1,0.14285714285714285
165,time,NOUN,1,0.14285714285714285
