vector,word,Pos,wordCount,percent_of_total
206,bagjacket,NOUN,1,0.14285714285714285
206,dnd,NOUN,1,0.14285714285714285
206,phone,NOUN,2,0.2857142857142857
206,pocket,NOUN,1,0.14285714285714285
206,uniterrupted,ADJ,1,0.14285714285714285
206,work,NOUN,1,0.14285714285714285
