vector,word,Pos,wordCount,percent_of_total
202,face,NOUN,1,0.16666666666666666
202,guard,NOUN,1,0.16666666666666666
202,jaw,NOUN,1,0.16666666666666666
202,mask,NOUN,1,0.16666666666666666
202,people,NOUN,1,0.16666666666666666
202,vibrate,NOUN,1,0.16666666666666666
