vector,word,Pos,wordCount,doc,percent_of_total
164,device,NOUN,1,164,0.3333333333333333
164,heartbeat,NOUN,1,164,0.3333333333333333
164,scent,NOUN,1,164,0.3333333333333333
