vector,word,Pos,wordCount,percent_of_total
166,nausea,NOUN,1,0.3333333333333333
166,scent,NOUN,1,0.3333333333333333
166,spray,NOUN,1,0.3333333333333333
