vector,word,Pos,wordCount,percent_of_total
52,band,NOUN,1,0.3333333333333333
52,schedule,NOUN,1,0.3333333333333333
52,wrist,NOUN,1,0.3333333333333333
