vector,word,Pos,wordCount,doc,percent_of_total
166,nausea,NOUN,1,166,0.3333333333333333
166,scent,NOUN,1,166,0.3333333333333333
166,spray,NOUN,1,166,0.3333333333333333
