vector,word,Pos,wordCount,percent_of_total
199,child,NOUN,1,0.16666666666666666
199,own,ADJ,1,0.16666666666666666
199,pet,NOUN,1,0.16666666666666666
199,pomodoro,ADJ,1,0.16666666666666666
199,system,NOUN,1,0.16666666666666666
199,tamogatchilike,ADJ,1,0.16666666666666666
