vector,word,Pos,wordCount,percent_of_total
13,good,ADJ,1,0.16666666666666666
13,interface,NOUN,1,0.16666666666666666
13,practice,NOUN,1,0.16666666666666666
13,productivity,NOUN,1,0.16666666666666666
13,time,NOUN,1,0.16666666666666666
13,track,NOUN,1,0.16666666666666666
