vector,word,Pos,wordCount,doc,percent_of_total
59,hand,NOUN,1,59,0.3333333333333333
59,temperature,NOUN,1,59,0.3333333333333333
59,warm,NOUN,1,59,0.3333333333333333
