vector,word,Pos,wordCount,percent_of_total
64,ambience,NOUN,1,0.14285714285714285
64,atmosphere,NOUN,1,0.14285714285714285
64,kind,NOUN,1,0.14285714285714285
64,light,NOUN,1,0.14285714285714285
64,replicate,ADJ,1,0.14285714285714285
64,sort,NOUN,1,0.14285714285714285
64,sunlightcoffeeshopcheerful,ADJ,1,0.14285714285714285
