vector,word,Pos,wordCount,doc,percent_of_total
57,idea,NOUN,1,57,0.3333333333333333
57,speaker,NOUN,1,57,0.3333333333333333
57,user,NOUN,1,57,0.3333333333333333
