vector,word,Pos,wordCount,doc,percent_of_total
224,stay,NOUN,1,224,0.3333333333333333
224,sure,ADJ,1,224,0.3333333333333333
224,user,NOUN,1,224,0.3333333333333333
