vector,word,Pos,wordCount,percent_of_total
11,favorite,ADJ,1,0.1111111111111111
11,hotel,NOUN,1,0.1111111111111111
11,interface,NOUN,1,0.1111111111111111
11,local,ADJ,1,0.1111111111111111
11,most,ADJ,1,0.1111111111111111
11,spot,NOUN,1,0.1111111111111111
11,trip,NOUN,1,0.1111111111111111
11,work,NOUN,1,0.1111111111111111
11,worker,NOUN,1,0.1111111111111111
