vector,word,Pos,wordCount,percent_of_total
161,bottle,NOUN,1,0.14285714285714285
161,certain,ADJ,1,0.14285714285714285
161,day,NOUN,1,0.14285714285714285
161,point,NOUN,1,0.14285714285714285
161,user,NOUN,1,0.14285714285714285
161,water,NOUN,2,0.2857142857142857
