vector,word,Pos,wordCount,percent_of_total
173,advice,NOUN,1,0.09090909090909091
173,augmented,ADJ,1,0.09090909090909091
173,glass,NOUN,1,0.09090909090909091
173,motion,NOUN,1,0.09090909090909091
173,nausea,NOUN,1,0.09090909090909091
173,pair,NOUN,1,0.09090909090909091
173,reality,NOUN,1,0.09090909090909091
173,realtime,ADJ,1,0.09090909090909091
173,sickness,NOUN,1,0.09090909090909091
173,sign,NOUN,1,0.09090909090909091
173,symptom,NOUN,1,0.09090909090909091
