vector,word,Pos,wordCount,percent_of_total
148,audio,ADJ,1,0.1111111111111111
148,device,NOUN,1,0.1111111111111111
148,habit,NOUN,1,0.1111111111111111
148,interval,NOUN,1,0.1111111111111111
148,min,NOUN,1,0.1111111111111111
148,notification,NOUN,1,0.1111111111111111
148,phone,NOUN,1,0.1111111111111111
148,regular,ADJ,1,0.1111111111111111
148,user,NOUN,1,0.1111111111111111
