vector,word,Pos,wordCount,percent_of_total
106,audio,ADJ,1,0.3333333333333333
106,flashcard,NOUN,1,0.3333333333333333
106,question,NOUN,1,0.3333333333333333
