vector,word,Pos,wordCount,doc,percent_of_total
61,back,NOUN,1,61,0.3333333333333333
61,cushion,NOUN,1,61,0.3333333333333333
61,vibrate,NOUN,1,61,0.3333333333333333
