vector,word,Pos,wordCount,doc,percent_of_total
177,body,NOUN,1,177,0.1111111111111111
177,combination,NOUN,1,177,0.1111111111111111
177,light,NOUN,1,177,0.1111111111111111
177,motion,NOUN,1,177,0.1111111111111111
177,nausea,NOUN,1,177,0.1111111111111111
177,necklace,NOUN,1,177,0.1111111111111111
177,sickness,NOUN,1,177,0.1111111111111111
177,sound,NOUN,1,177,0.1111111111111111
177,vapor,NOUN,1,177,0.1111111111111111
