vector,word,Pos,wordCount,doc,percent_of_total
111,noise,NOUN,1,111,0.14285714285714285
111,outside,ADJ,1,111,0.14285714285714285
111,public,ADJ,1,111,0.14285714285714285
111,silencer,NOUN,1,111,0.14285714285714285
111,sound,NOUN,1,111,0.14285714285714285
111,space,NOUN,1,111,0.14285714285714285
111,worker,NOUN,1,111,0.14285714285714285
