vector,word,Pos,wordCount,percent_of_total
104,area,NOUN,1,0.16666666666666666
104,competition,NOUN,1,0.16666666666666666
104,game,NOUN,2,0.3333333333333333
104,other,ADJ,1,0.16666666666666666
104,people,NOUN,1,0.16666666666666666
