vector,word,Pos,wordCount,doc,percent_of_total
78,cushion,NOUN,1,78,0.3333333333333333
78,posture,NOUN,1,78,0.3333333333333333
78,proper,ADJ,1,78,0.3333333333333333
