vector,word,Pos,wordCount,percent_of_total
125,access,NOUN,1,0.16666666666666666
125,desk,NOUN,1,0.16666666666666666
125,point,NOUN,1,0.16666666666666666
125,portable,ADJ,1,0.16666666666666666
125,router,NOUN,1,0.16666666666666666
125,wireless,ADJ,1,0.16666666666666666
