vector,word,Pos,wordCount,percent_of_total
151,collapsible,ADJ,1,0.1111111111111111
151,commuter,NOUN,1,0.1111111111111111
151,desk,NOUN,1,0.1111111111111111
151,lap,NOUN,1,0.1111111111111111
151,mobile,ADJ,1,0.1111111111111111
151,organization,NOUN,1,0.1111111111111111
151,planning,NOUN,1,0.1111111111111111
151,techfunctionality,NOUN,1,0.1111111111111111
151,trainsubway,NOUN,1,0.1111111111111111
