vector,word,Pos,wordCount,doc,percent_of_total
176,device,NOUN,3,176,0.25
176,heartbeat,NOUN,1,176,0.08333333333333333
176,other,ADJ,1,176,0.08333333333333333
176,people,NOUN,1,176,0.08333333333333333
176,person,NOUN,2,176,0.16666666666666666
176,sound,ADJ,1,176,0.08333333333333333
176,speaker,NOUN,1,176,0.08333333333333333
176,sync,NOUN,1,176,0.08333333333333333
176,wave,NOUN,1,176,0.08333333333333333
