vector,word,Pos,wordCount,doc,percent_of_total
167,chair,NOUN,1,167,0.3333333333333333
167,stabilization,NOUN,1,167,0.3333333333333333
167,table,NOUN,1,167,0.3333333333333333
