vector,word,Pos,wordCount,percent_of_total
175,bracelet,NOUN,2,0.18181818181818182
175,haptic,ADJ,1,0.09090909090909091
175,heartbeat,NOUN,1,0.09090909090909091
175,other,NOUN,2,0.18181818181818182
175,people,NOUN,1,0.09090909090909091
175,person,NOUN,1,0.09090909090909091
175,sensor,NOUN,1,0.09090909090909091
175,technology,NOUN,1,0.09090909090909091
175,vibration,NOUN,1,0.09090909090909091
