vector,word,Pos,wordCount,percent_of_total
15,able,ADJ,1,0.1111111111111111
15,conversation,NOUN,1,0.1111111111111111
15,exchange,NOUN,1,0.1111111111111111
15,idea,NOUN,1,0.1111111111111111
15,new,ADJ,1,0.1111111111111111
15,people,NOUN,2,0.2222222222222222
15,place,NOUN,1,0.1111111111111111
15,proximity,NOUN,1,0.1111111111111111
