vector,word,Pos,wordCount,doc,percent_of_total
112,content,NOUN,2,112,0.2222222222222222
112,eye,NOUN,1,112,0.1111111111111111
112,flat,NOUN,1,112,0.1111111111111111
112,outside,ADJ,1,112,0.1111111111111111
112,person,NOUN,1,112,0.1111111111111111
112,sensitiveconfidential,ADJ,1,112,0.1111111111111111
112,side,NOUN,1,112,0.1111111111111111
112,upper,ADJ,1,112,0.1111111111111111
